,mean,std
euclidean_auc,0.9057907309362031,0.04747647600137009
euclidean_f1_macro,0.6553015022102815,0.05421953282687045
euclidean_f1_weighted,0.6793468846026036,0.05013627908573771
euclidean_balanced_accuracy,0.6536374295871362,0.04629121975717475
euclidean_top1,0.6886287749891439,0.050570188128715304
euclidean_top3,0.8624802178078238,0.05955405055365488
cosine_auc,0.9329237929828691,0.03811135047901115
cosine_f1_macro,0.7198734861358275,0.03485998791489028
cosine_f1_weighted,0.7468119840482769,0.03359849793599912
cosine_balanced_accuracy,0.7156250132644203,0.029898692122436742
cosine_top1,0.7465844723557773,0.033452196819562414
cosine_top3,0.8984446766189854,0.04732637938042888
