k,euclidean_auc,euclidean_f1_macro,euclidean_f1_weighted,euclidean_balanced_accuracy,euclidean_top1,euclidean_top3,cosine_auc,cosine_f1_macro,cosine_f1_weighted,cosine_balanced_accuracy,cosine_top1,cosine_top3
1,0.770265366276325,0.561480237723382,0.5923263977724064,0.5655319771799417,0.5952870076888794,0.679716566134978,0.8181061643200828,0.6451069737295783,0.6762335638006838,0.6481886789077966,0.6788201284623012,0.7487033225556411
2,0.8412831486372161,0.5376980165711023,0.565167698952306,0.5546847762472759,0.5711517218755038,0.7911116708299982,0.8829093248540929,0.6395338345068443,0.6663444171059879,0.6491578261874805,0.6661111031050925,0.842430919600439
3,0.8755640645531966,0.596707451431451,0.6242754628811186,0.6067548046080782,0.6482057944990823,0.8462585525817439,0.9100181609096838,0.6966110697288392,0.727450947340727,0.699423797503982,0.72070707943597,0.8842542547770738
4,0.8854040934276071,0.6137413838393435,0.6473309063086512,0.6219837959690538,0.6624918290294235,0.8439871663808203,0.9231536829743817,0.7042673261001766,0.7313973680229369,0.7050483526840701,0.7332075082682886,0.8925520928814711
5,0.899349038317588,0.6328180374850964,0.6645510603949968,0.6343517320521569,0.6790903406494729,0.8513884452436896,0.9363313585351669,0.7230377096187928,0.7469089264621749,0.7186390580312801,0.7476327107611072,0.9031952665690334
6,0.913117308556967,0.6608255532606615,0.6862972800516132,0.6648135483305302,0.6879138686621077,0.8719465027014177,0.9424348084456137,0.7316974482384666,0.755007664195441,0.7265942287673,0.7579762672105611,0.9023421256741855
7,0.9170155828799974,0.6780567574473929,0.6994351720340359,0.6749792287973151,0.6951942083588685,0.8749189065093017,0.9472197350838302,0.7449356951008603,0.7692295776320073,0.7391005802307167,0.7570137588114598,0.9137137033852843
8,0.9241676764994136,0.6719541023829936,0.6982804348308724,0.6703453574494366,0.7080377703267706,0.8848994191924138,0.9495420801261665,0.7515836199450624,0.7740367508064276,0.7461910537599825,0.7709941795879616,0.9170093186610975
9,0.9271819671078092,0.6919541888850944,0.7121260969878238,0.685459960347867,0.7060812806429297,0.8883260936183446,0.9499342121963057,0.7512607034523728,0.7727524365028626,0.7439806159469142,0.7740682319765784,0.9174815127563096
10,0.9316349198105016,0.6972762249978441,0.7135531243803278,0.6899290317538623,0.7180181874033509,0.8900977981824999,0.9521167172463247,0.7382453687606751,0.7653066645285962,0.7319004804551412,0.7645934159455733,0.920098350527933
11,0.9379718849924752,0.7016805619566828,0.7199458745366124,0.691163371887883,0.7365365249760167,0.9011575429301969,0.9524561512763283,0.7348300813781045,0.7634903735384971,0.7277982834015788,0.7658435245332648,0.9219695068065563
12,0.9372838941725522,0.6999042716927283,0.7188966903671558,0.6901756746943398,0.7262601927599992,0.8991851409408398,0.9548884633560741,0.7349071346373741,0.7664982793073977,0.7262556301010193,0.7681772718992304,0.9276560933223509
13,0.9402097911946639,0.6942217379385509,0.7144232218625624,0.6855429249069404,0.7301413604978082,0.8993301067432726,0.9572008520093446,0.7301919602739657,0.7612101776869513,0.7205514634946789,0.7676555728535233,0.9277493313457047
14,0.9421403474289454,0.6990074366856427,0.7178222879499024,0.6881819306028469,0.7306872848556152,0.9054515776852063,0.9587462307352215,0.7343887988335134,0.7621443552057214,0.7256857649926083,0.760154728170046,0.9264237866429731
15,0.944271880187786,0.6921965708562559,0.715771559728671,0.6806633289795184,0.7343342526113273,0.9094277774426349,0.9587989526744186,0.7375045677327836,0.7641682585877393,0.7258593845017541,0.7658116043157003,0.9310905637787263
