k,auc,f1_macro,f1_weighted,balanced_accuracy,top1,top3
1,0.8181061643200828,0.6451069737295783,0.6762335638006838,0.6481886789077966,0.6788201284623012,0.7487033225556411
2,0.8829093248540929,0.6395338345068443,0.6663444171059879,0.6491578261874805,0.6661111031050925,0.842430919600439
3,0.9100181609096838,0.6966110697288392,0.727450947340727,0.699423797503982,0.72070707943597,0.8842542547770738
4,0.9231536829743817,0.7042673261001766,0.7313973680229369,0.7050483526840701,0.7332075082682886,0.8925520928814711
5,0.9363313585351669,0.7230377096187928,0.7469089264621749,0.7186390580312801,0.7476327107611072,0.9031952665690334
6,0.9424348084456137,0.7316974482384666,0.755007664195441,0.7265942287673,0.7579762672105611,0.9023421256741855
7,0.9472197350838302,0.7449356951008603,0.7692295776320073,0.7391005802307167,0.7570137588114598,0.9137137033852843
8,0.9495420801261665,0.7515836199450624,0.7740367508064276,0.7461910537599825,0.7709941795879616,0.9170093186610975
9,0.9499342121963057,0.7512607034523728,0.7727524365028626,0.7439806159469142,0.7740682319765784,0.9174815127563096
10,0.9521167172463247,0.7382453687606751,0.7653066645285962,0.7319004804551412,0.7645934159455733,0.920098350527933
11,0.9524561512763283,0.7348300813781045,0.7634903735384971,0.7277982834015788,0.7658435245332648,0.9219695068065563
12,0.9548884633560741,0.7349071346373741,0.7664982793073977,0.7262556301010193,0.7681772718992304,0.9276560933223509
13,0.9572008520093446,0.7301919602739657,0.7612101776869513,0.7205514634946789,0.7676555728535233,0.9277493313457047
14,0.9587462307352215,0.7343887988335134,0.7621443552057214,0.7256857649926083,0.760154728170046,0.9264237866429731
15,0.9587989526744186,0.7375045677327836,0.7641682585877393,0.7258593845017541,0.7658116043157003,0.9310905637787263
